oyuncu,takim,tum_takimlar,transfer,mac_sayisi,ilk11_mac,yedek_mac,gol_sayisi,gol_ayak,gol_kafa,penalti_gol,gol_ort,sari_kart,kirmizi_kart,toplam_dakika
JELENA KARLİCİC,BEŞİKTAŞ JK KADIN FUTBOL TAKIMI,BEŞİKTAŞ JK KADIN FUTBOL TAKIMI / FATİH VATAN SPOR,True,25,24,1,12,10,2,0,0.48,2,0,2036
JULIETTE NANA,PROLİFT GİRESUN SANAYİSPOR,PROLİFT GİRESUN SANAYİSPOR / FATİH VATAN SPOR,True,25,23,2,9,9,0,0,0.36,1,0,1986
REGINA IBIANG OTU,FENERBAHÇE ARSAVEV KADIN FUTBOL TAKIMI,FENERBAHÇE ARSAVEV KADIN FUTBOL TAKIMI,False,25,25,0,5,4,1,0,0.2,2,0,2145
VANESA LEVENAJ,PROLİFT GİRESUN SANAYİSPOR,PROLİFT GİRESUN SANAYİSPOR,False,25,25,0,1,1,0,0,0.04,4,0,2154
MARIE GISELE DIVINE NGAH MANGA,GALATASARAY GAIN,GALATASARAY GAIN,False,24,15,9,27,22,4,1,1.12,0,0,1406
ANDREA STASKOVA,FENERBAHÇE ARSAVEV KADIN FUTBOL TAKIMI,FENERBAHÇE ARSAVEV KADIN FUTBOL TAKIMI,False,24,20,4,20,13,3,4,0.83,0,0,1601
FLOURISH CHIOMA SABASTINE,FENERBAHÇE ARSAVEV KADIN FUTBOL TAKIMI,FENERBAHÇE ARSAVEV KADIN FUTBOL TAKIMI,False,24,24,0,11,11,0,0,0.46,6,0,1970
MESUARE BEGALLO,ÜNYE KADIN SPOR KULÜBÜ,ÜNYE KADIN SPOR KULÜBÜ,False,24,22,2,9,8,0,1,0.38,1,0,2018
BUSEM ŞEKER,FENERBAHÇE ARSAVEV KADIN FUTBOL TAKIMI,FENERBAHÇE ARSAVEV KADIN FUTBOL TAKIMI,False,24,23,1,8,7,0,1,0.33,2,1,1924
MILICA MIJATOVIC,ANKARA BÜYÜKŞEHİR BELEDİYESİ FOMGET SPOR KULÜBÜ,ANKARA BÜYÜKŞEHİR BELEDİYESİ FOMGET SPOR KULÜBÜ,False,24,17,7,7,6,0,1,0.29,2,0,1419
MARIJA ALEKSIC,BEŞİKTAŞ JK KADIN FUTBOL TAKIMI,BEŞİKTAŞ JK KADIN FUTBOL TAKIMI,False,24,24,0,7,4,2,1,0.29,4,0,1995
FADIMATOU ARETOUYAP KOME,BEŞİKTAŞ JK KADIN FUTBOL TAKIMI,BEŞİKTAŞ JK KADIN FUTBOL TAKIMI,False,24,24,0,6,6,0,0,0.25,0,0,2080
PERİTAN BOZDAĞ,FENERBAHÇE ARSAVEV KADIN FUTBOL TAKIMI,FENERBAHÇE ARSAVEV KADIN FUTBOL TAKIMI,False,24,11,13,5,5,0,0,0.21,1,0,1037
ELİZABETH OPPONG,HAKKARİGÜCÜ SPOR,HAKKARİGÜCÜ SPOR,False,24,23,1,3,2,1,0,0.12,1,0,2025
NAIMA LAMARI,1207 ANTALYASPOR  KADIN FUTBOL KULÜBÜ,1207 ANTALYASPOR  KADIN FUTBOL KULÜBÜ,False,24,24,0,2,1,1,0,0.08,1,0,2148
EMİNE YAREN ÇOLAK,HAKKARİGÜCÜ SPOR,HAKKARİGÜCÜ SPOR,False,24,22,2,2,2,0,0,0.08,1,0,1814
AMINATA HAIDARA,BEŞİKTAŞ JK KADIN FUTBOL TAKIMI,BEŞİKTAŞ JK KADIN FUTBOL TAKIMI / FATİH VATAN SPOR,True,24,16,8,1,1,0,0,0.04,7,0,1431
ZOE VAN EYNDE,FENERBAHÇE ARSAVEV KADIN FUTBOL TAKIMI,FENERBAHÇE ARSAVEV KADIN FUTBOL TAKIMI,False,24,20,4,1,1,0,0,0.04,1,0,1585
BEYZA EMİNE SARUHAN,1207 ANTALYASPOR  KADIN FUTBOL KULÜBÜ,1207 ANTALYASPOR  KADIN FUTBOL KULÜBÜ,False,24,24,0,0,0,0,0,0.0,0,0,2152
MARY ATINUKE SAIKI,AMED SPORTİF FAALİYETLER,AMED SPORTİF FAALİYETLER,False,24,24,0,0,0,0,0,0.0,3,0,2072
MELISSA SANDRINE BEHINAN,AMED SPORTİF FAALİYETLER,AMED SPORTİF FAALİYETLER,False,23,23,0,7,6,0,1,0.3,5,0,1949
SULIAT OLAJUMOKE ABIDEEN,ANKARA BÜYÜKŞEHİR BELEDİYESİ FOMGET SPOR KULÜBÜ,ANKARA BÜYÜKŞEHİR BELEDİYESİ FOMGET SPOR KULÜBÜ,False,23,20,3,7,7,0,0,0.3,0,0,1761
RASMATA SAWADOGO,HAKKARİGÜCÜ SPOR,HAKKARİGÜCÜ SPOR,False,23,23,0,5,3,0,2,0.22,4,0,2070
CHANG JANG,GALATASARAY GAIN,GALATASARAY GAIN,False,23,22,1,3,3,0,0,0.13,2,0,1798
ÖZNUR TAŞ,AMED SPORTİF FAALİYETLER,AMED SPORTİF FAALİYETLER,False,23,23,0,3,2,1,0,0.13,3,0,2040
CHIOMA OLISE,TRABZONSPOR A.Ş.,TRABZONSPOR A.Ş.,False,23,21,2,3,3,0,0,0.13,3,0,1712
MARIA APARECIDA SOUZA ALVES,ANKARA BÜYÜKŞEHİR BELEDİYESİ FOMGET SPOR KULÜBÜ,ANKARA BÜYÜKŞEHİR BELEDİYESİ FOMGET SPOR KULÜBÜ / FENERBAHÇE ARSAVEV KADIN FUTBOL TAKIMI,True,23,22,1,2,2,0,0,0.09,0,0,1766
CANSU NUR KAYA,BEŞİKTAŞ JK KADIN FUTBOL TAKIMI,BEŞİKTAŞ JK KADIN FUTBOL TAKIMI / FATİH VATAN SPOR,True,23,17,6,0,0,0,0,0.0,6,0,1449
KEZBAN TAĞ,GALATASARAY GAIN,GALATASARAY GAIN,False,23,11,12,0,0,0,0,0.0,0,0,1135
SUDENUR YOLCU,ÜNYE KADIN SPOR KULÜBÜ,ÜNYE KADIN SPOR KULÜBÜ,False,23,23,0,0,0,0,0,0.0,3,0,2040
NATALIA OLESZKIEWICZ,TRABZONSPOR A.Ş.,TRABZONSPOR A.Ş.,False,22,21,1,30,26,4,0,1.36,5,0,1885
DONJETA HALILAJ,TRABZONSPOR A.Ş.,TRABZONSPOR A.Ş.,False,22,22,0,19,14,2,3,0.86,6,0,1903
SAMARIA SARAI GOMEZ MEJIA,AMED SPORTİF FAALİYETLER,AMED SPORTİF FAALİYETLER,False,22,20,2,9,6,1,2,0.41,2,0,1763
MELİKE DİNÇEL,ÇEKMEKÖY BİLGİDOĞA,ÇEKMEKÖY BİLGİDOĞA / ŞİLE BİLGİDOĞA SPORTİF YATIRIM HİZMETLERİ A.Ş,True,22,22,0,9,9,0,0,0.41,1,0,1939
MARTA NAIZIA DA SILVA CINTRA,GALATASARAY GAIN,GALATASARAY GAIN,False,22,16,6,8,8,0,0,0.36,1,0,1411
EBRU TOPÇU,GALATASARAY GAIN,GALATASARAY GAIN,False,22,21,1,8,6,1,1,0.36,0,0,1832
ECE TÜRKOĞLU,FENERBAHÇE ARSAVEV KADIN FUTBOL TAKIMI,FENERBAHÇE ARSAVEV KADIN FUTBOL TAKIMI,False,22,20,2,6,6,0,0,0.27,3,0,1736
JULIA HICKELSBERGEN FULLER,GALATASARAY GAIN,GALATASARAY GAIN,False,22,21,1,5,4,1,0,0.23,5,0,1794
ANA INES COSTA MENDES DIAS,ANKARA BÜYÜKŞEHİR BELEDİYESİ FOMGET SPOR KULÜBÜ,ANKARA BÜYÜKŞEHİR BELEDİYESİ FOMGET SPOR KULÜBÜ,False,22,8,14,4,3,1,0,0.18,1,0,804
KEVSER KARTAL,AMED SPORTİF FAALİYETLER,AMED SPORTİF FAALİYETLER,False,22,21,1,4,3,0,1,0.18,2,0,1901
İPEK KAYA,FENERBAHÇE ARSAVEV KADIN FUTBOL TAKIMI,FENERBAHÇE ARSAVEV KADIN FUTBOL TAKIMI,False,22,21,1,4,2,2,0,0.18,6,0,1777
EZMİRALDA FRANJA,ÜNYE KADIN SPOR KULÜBÜ,ÜNYE KADIN SPOR KULÜBÜ,False,22,22,0,3,3,0,0,0.14,3,1,1939
SUHDE NUR ARPACI,ÜNYE KADIN SPOR KULÜBÜ,ÜNYE KADIN SPOR KULÜBÜ,False,22,22,0,3,1,2,0,0.14,5,0,1861
MATEJA ZVER,ANKARA BÜYÜKŞEHİR BELEDİYESİ FOMGET SPOR KULÜBÜ,ANKARA BÜYÜKŞEHİR BELEDİYESİ FOMGET SPOR KULÜBÜ,False,22,12,10,3,2,1,0,0.14,1,0,1110
NEVCAN KELEŞ,PROLİFT GİRESUN SANAYİSPOR,PROLİFT GİRESUN SANAYİSPOR,False,22,22,0,3,3,0,0,0.14,0,0,1980
NESLİHAN DEMİRDÖGEN,PROLİFT GİRESUN SANAYİSPOR,PROLİFT GİRESUN SANAYİSPOR,False,22,15,7,3,2,1,0,0.14,3,0,1407
EDA KARATAŞ,GALATASARAY GAIN,GALATASARAY GAIN,False,22,22,0,2,1,1,0,0.09,5,0,1906
SUZZY DEDE TEYE,YÜKSEKOVA SPOR KULÜBÜ,YÜKSEKOVA SPOR KULÜBÜ,False,22,22,0,2,2,0,0,0.09,3,0,1926
LUSHOMO MWEEMBA,HAKKARİGÜCÜ SPOR,HAKKARİGÜCÜ SPOR,False,22,22,0,2,2,0,0,0.09,2,0,1980
HEIDI LYNNE RUTH,ANKARA BÜYÜKŞEHİR BELEDİYESİ FOMGET SPOR KULÜBÜ,ANKARA BÜYÜKŞEHİR BELEDİYESİ FOMGET SPOR KULÜBÜ,False,22,22,0,2,0,2,0,0.09,3,0,1920
RAFAELA SUDRE DOS SANTOS,ANKARA BÜYÜKŞEHİR BELEDİYESİ FOMGET SPOR KULÜBÜ,ANKARA BÜYÜKŞEHİR BELEDİYESİ FOMGET SPOR KULÜBÜ,False,22,21,1,2,2,0,0,0.09,2,0,1850
NEHİR ZEYTÜNLÜ,BEŞİKTAŞ JK KADIN FUTBOL TAKIMI,BEŞİKTAŞ JK KADIN FUTBOL TAKIMI,False,22,12,10,2,1,1,0,0.09,1,0,1177
MAIKO BEBIA,YÜKSEKOVA SPOR KULÜBÜ,YÜKSEKOVA SPOR KULÜBÜ,False,22,18,4,1,1,0,0,0.05,3,0,1513
VIVIAN NASAKA MAKOKHA,HAKKARİGÜCÜ SPOR,HAKKARİGÜCÜ SPOR,False,22,19,3,1,1,0,0,0.05,3,0,1691
FATMA KARA,TRABZONSPOR A.Ş.,TRABZONSPOR A.Ş.,False,22,22,0,1,1,0,0,0.05,4,0,1875
RABİYA İSGİ,TRABZONSPOR A.Ş.,TRABZONSPOR A.Ş.,False,22,20,2,1,1,0,0,0.05,3,0,1755
YELİZ AÇAR,BEŞİKTAŞ JK KADIN FUTBOL TAKIMI,BEŞİKTAŞ JK KADIN FUTBOL TAKIMI,False,22,21,1,1,1,0,0,0.05,1,0,1870
SILA BESRA TETİK,FATİH VATAN SPOR,FATİH VATAN SPOR / PROLİFT GİRESUN SANAYİSPOR,True,22,20,2,0,0,0,0,0.0,2,0,1754
AYTAJ SHARIFOVA,YÜKSEKOVA SPOR KULÜBÜ,YÜKSEKOVA SPOR KULÜBÜ,False,22,22,0,0,0,0,0,0.0,2,0,1972
MERVE ODABAŞOĞLU,YÜKSEKOVA SPOR KULÜBÜ,YÜKSEKOVA SPOR KULÜBÜ,False,22,22,0,0,0,0,0,0.0,1,0,1950
OLHA OVDIYCHUK,ANKARA BÜYÜKŞEHİR BELEDİYESİ FOMGET SPOR KULÜBÜ,ANKARA BÜYÜKŞEHİR BELEDİYESİ FOMGET SPOR KULÜBÜ,False,21,18,3,8,7,1,0,0.38,0,0,1574
ARZU KARABULUT,ANKARA BÜYÜKŞEHİR BELEDİYESİ FOMGET SPOR KULÜBÜ,ANKARA BÜYÜKŞEHİR BELEDİYESİ FOMGET SPOR KULÜBÜ,False,21,14,7,8,6,2,0,0.38,2,0,1307
KONYA TAJAE PLUMMER,FENERBAHÇE ARSAVEV KADIN FUTBOL TAKIMI,FENERBAHÇE ARSAVEV KADIN FUTBOL TAKIMI,False,21,20,1,5,4,1,0,0.24,4,0,1849
KALTRINA BIQKAJ,TRABZONSPOR A.Ş.,TRABZONSPOR A.Ş.,False,21,16,5,5,4,1,0,0.24,1,0,1237
İNAYET FUNDA ALTINKAYA,PROLİFT GİRESUN SANAYİSPOR,PROLİFT GİRESUN SANAYİSPOR / ÇEKMEKÖY BİLGİDOĞA / ŞİLE BİLGİDOĞA SPORTİF YATIRIM HİZMETLERİ A.Ş,True,21,13,8,5,4,1,0,0.24,2,0,1204
BUKET KARADAĞ,ÜNYE KADIN SPOR KULÜBÜ,ÜNYE KADIN SPOR KULÜBÜ / HAKKARİGÜCÜ SPOR,True,21,14,7,4,4,0,0,0.19,0,0,1242
OLUWATOSIN BLESSING DEMEHIN,GALATASARAY GAIN,GALATASARAY GAIN,False,21,21,0,1,1,0,0,0.05,4,1,1787
BEYZA KOCATÜRK,YÜKSEKOVA SPOR KULÜBÜ,YÜKSEKOVA SPOR KULÜBÜ,False,21,19,2,1,1,0,0,0.05,0,0,1385
DERYA ARHAN,YÜKSEKOVA SPOR KULÜBÜ,YÜKSEKOVA SPOR KULÜBÜ,False,21,20,1,1,1,0,0,0.05,5,0,1808
SHKURTE MALIQI,ÜNYE KADIN SPOR KULÜBÜ,ÜNYE KADIN SPOR KULÜBÜ,False,21,21,0,1,1,0,0,0.05,2,1,1872
ILARJA ZARKA,ÜNYE KADIN SPOR KULÜBÜ,ÜNYE KADIN SPOR KULÜBÜ,False,21,21,0,1,0,1,0,0.05,4,0,1734
MERTHA TEMBO,HAKKARİGÜCÜ SPOR,HAKKARİGÜCÜ SPOR,False,21,21,0,1,1,0,0,0.05,5,0,1865
KARLA DANIELA ZEMPOALTECA HERNANDEZ,PROLİFT GİRESUN SANAYİSPOR,PROLİFT GİRESUN SANAYİSPOR,False,21,21,0,1,0,1,0,0.05,3,0,1854
MERYEM SEVENT,AMED SPORTİF FAALİYETLER,AMED SPORTİF FAALİYETLER,False,21,17,4,1,1,0,0,0.05,1,0,1401
VUSALA HACIYEVA,YÜKSEKOVA SPOR KULÜBÜ,YÜKSEKOVA SPOR KULÜBÜ,False,21,12,9,0,0,0,0,0.0,2,0,1191
MARIGONE TAHIRI,ÜNYE KADIN SPOR KULÜBÜ,ÜNYE KADIN SPOR KULÜBÜ,False,21,19,2,0,0,0,0,0.0,6,0,1654
NAGEHAN AKŞAN,ÜNYE KADIN SPOR KULÜBÜ,ÜNYE KADIN SPOR KULÜBÜ,False,21,19,2,0,0,0,0,0.0,6,0,1610
GAMZE NUR YAMAN,TRABZONSPOR A.Ş.,TRABZONSPOR A.Ş.,False,21,21,0,0,0,0,0,0.0,1,0,1846
İSMİGÜL YALÇINER,ÇEKMEKÖY BİLGİDOĞA,ÇEKMEKÖY BİLGİDOĞA / ŞİLE BİLGİDOĞA SPORTİF YATIRIM HİZMETLERİ A.Ş,True,21,20,1,0,0,0,0,0.0,2,0,1850
MARIEM HOUIJ,YÜKSEKOVA SPOR KULÜBÜ,YÜKSEKOVA SPOR KULÜBÜ,False,20,19,1,19,12,3,4,0.95,3,0,1640
NGO MBELECK GENEVIEVE EDITH,AMED SPORTİF FAALİYETLER,AMED SPORTİF FAALİYETLER,False,20,17,3,19,18,1,0,0.95,2,0,1245
YAĞMUR URAZ,FENERBAHÇE ARSAVEV KADIN FUTBOL TAKIMI,FENERBAHÇE ARSAVEV KADIN FUTBOL TAKIMI,False,20,6,14,16,12,4,0,0.8,1,0,727
ZEYNEP GAMZE KOÇER,PROLİFT GİRESUN SANAYİSPOR,PROLİFT GİRESUN SANAYİSPOR / FATİH VATAN SPOR,True,20,18,2,4,2,0,2,0.2,1,0,1622
TEODORA NICOARA,BEŞİKTAŞ JK KADIN FUTBOL TAKIMI,BEŞİKTAŞ JK KADIN FUTBOL TAKIMI,False,20,20,0,4,3,0,1,0.2,4,0,1661
JUANITA AGUADZE,AMED SPORTİF FAALİYETLER,AMED SPORTİF FAALİYETLER,False,20,2,18,3,3,0,0,0.15,2,0,438
İLAYDA CİVELEK,BEŞİKTAŞ JK KADIN FUTBOL TAKIMI,BEŞİKTAŞ JK KADIN FUTBOL TAKIMI,False,20,19,1,3,2,1,0,0.15,3,0,1671
RABİA NUR KÜÇÜK,TRABZONSPOR A.Ş.,TRABZONSPOR A.Ş.,False,20,16,4,2,2,0,0,0.1,5,0,1501
NIKOLINA MİLOVİC,PROLİFT GİRESUN SANAYİSPOR,PROLİFT GİRESUN SANAYİSPOR,False,20,17,3,1,1,0,0,0.05,3,0,1496
BENAN ALTINTAŞ,GALATASARAY GAIN,GALATASARAY GAIN,False,20,8,12,1,0,1,0,0.05,4,0,841
ELİF KESKİN,GALATASARAY GAIN,GALATASARAY GAIN,False,20,19,1,0,0,0,0,0.0,2,0,1559
SUDE TOPÇU,1207 ANTALYASPOR  KADIN FUTBOL KULÜBÜ,1207 ANTALYASPOR  KADIN FUTBOL KULÜBÜ,False,20,19,1,0,0,0,0,0.0,1,0,1642
SEVİNC FAYIL QIZI JAFARZADE,YÜKSEKOVA SPOR KULÜBÜ,YÜKSEKOVA SPOR KULÜBÜ,False,20,17,3,0,0,0,0,0.0,7,0,1576
FLORENTİNA KOLGECİ,AMED SPORTİF FAALİYETLER,AMED SPORTİF FAALİYETLER,False,20,20,0,0,0,0,0,0.0,1,0,1754
BEATRIZ BUENO NICOLETI,HAKKARİGÜCÜ SPOR,HAKKARİGÜCÜ SPOR,False,20,20,0,0,0,0,0,0.0,1,0,1771
SUZIE MBİANDJİ,YÜKSEKOVA SPOR KULÜBÜ,YÜKSEKOVA SPOR KULÜBÜ,False,20,13,7,0,0,0,0,0.0,2,0,1167
ELIZABETH OWUSUAA,HAKKARİGÜCÜ SPOR,HAKKARİGÜCÜ SPOR,False,19,19,0,13,9,3,1,0.68,6,1,1702
ESRA MANYA,BEŞİKTAŞ JK KADIN FUTBOL TAKIMI,BEŞİKTAŞ JK KADIN FUTBOL TAKIMI,False,19,14,5,9,6,3,0,0.47,2,0,1376
FREDRICA TORKUDZOR,ÜNYE KADIN SPOR KULÜBÜ,ÜNYE KADIN SPOR KULÜBÜ,False,19,13,6,5,4,1,0,0.26,3,0,1321
LINA FERNANDE MARTINEZ ALVAREZ,1207 ANTALYASPOR  KADIN FUTBOL KULÜBÜ,1207 ANTALYASPOR  KADIN FUTBOL KULÜBÜ,False,19,18,1,4,4,0,0,0.21,4,0,1619
ECEMNUR ÖZTÜRK,BEŞİKTAŞ JK KADIN FUTBOL TAKIMI,BEŞİKTAŞ JK KADIN FUTBOL TAKIMI,False,19,7,12,3,2,1,0,0.16,3,0,730
ALEYNA MERAL,AMED SPORTİF FAALİYETLER,AMED SPORTİF FAALİYETLER,False,19,8,11,2,2,0,0,0.11,1,0,857
MERYEM KÜÇÜKBİRİNCİ,HAKKARİGÜCÜ SPOR,HAKKARİGÜCÜ SPOR,False,19,19,0,2,2,0,0,0.11,6,1,1710
ELİF KESGİN,HAKKARİGÜCÜ SPOR,HAKKARİGÜCÜ SPOR / PROLİFT GİRESUN SANAYİSPOR,True,19,17,2,2,2,0,0,0.11,4,0,1309
NAZLI ÖRNEK,PROLİFT GİRESUN SANAYİSPOR,PROLİFT GİRESUN SANAYİSPOR / FATİH VATAN SPOR,True,19,16,3,2,1,1,0,0.11,2,0,1433
DİDEM KARAGENÇ,BEŞİKTAŞ JK KADIN FUTBOL TAKIMI,BEŞİKTAŞ JK KADIN FUTBOL TAKIMI,False,19,13,6,2,2,0,0,0.11,0,0,1070
RREZONA RAMADANI,ÜNYE KADIN SPOR KULÜBÜ,ÜNYE KADIN SPOR KULÜBÜ,False,19,18,1,2,2,0,0,0.11,3,0,1644
ÇİĞDEM BELCİ,ÇEKMEKÖY BİLGİDOĞA,ÇEKMEKÖY BİLGİDOĞA / ŞİLE BİLGİDOĞA SPORTİF YATIRIM HİZMETLERİ A.Ş,True,19,19,0,1,1,0,0,0.05,1,0,1639
AYŞE DEMİRCİ,ÇEKMEKÖY BİLGİDOĞA,ÇEKMEKÖY BİLGİDOĞA / ŞİLE BİLGİDOĞA SPORTİF YATIRIM HİZMETLERİ A.Ş,True,19,12,7,1,0,1,0,0.05,0,0,1146
ECEM CUMERT,GALATASARAY GAIN,GALATASARAY GAIN,False,19,17,2,1,1,0,0,0.05,3,0,1354
İLAYDA ATÇI,SERCAN İNŞAAT GAZİANTEP ALG SPOR,SERCAN İNŞAAT GAZİANTEP ALG SPOR / FATİH VATAN SPOR / ALG SPOR / GAZİANTEP ALG SPOR KULÜBÜ,True,19,15,4,1,1,0,0,0.05,1,0,1340
ÖZGE ŞENGEL,ÇEKMEKÖY BİLGİDOĞA,ÇEKMEKÖY BİLGİDOĞA / ŞİLE BİLGİDOĞA SPORTİF YATIRIM HİZMETLERİ A.Ş,True,19,16,3,0,0,0,0,0.0,6,1,1447
AGNESA GASHI,ÜNYE KADIN SPOR KULÜBÜ,ÜNYE KADIN SPOR KULÜBÜ,False,19,19,0,0,0,0,0,0.0,5,2,1686
GÜLBİN HIZ,BEŞİKTAŞ JK KADIN FUTBOL TAKIMI,BEŞİKTAŞ JK KADIN FUTBOL TAKIMI / ANKARA BÜYÜKŞEHİR BELEDİYESİ FOMGET SPOR KULÜBÜ,True,19,18,1,0,0,0,0,0.0,2,0,1557
YAĞMUR FATMANUR OCAK,PROLİFT GİRESUN SANAYİSPOR,PROLİFT GİRESUN SANAYİSPOR,False,19,9,10,0,0,0,0,0.0,1,0,874
MARIA PAULA SALAS ZUNIGA,FENERBAHÇE ARSAVEV KADIN FUTBOL TAKIMI,FENERBAHÇE ARSAVEV KADIN FUTBOL TAKIMI,False,18,10,8,15,14,1,0,0.83,1,0,891
UGOCHI CYNTHIA EMENAYO,AMED SPORTİF FAALİYETLER,AMED SPORTİF FAALİYETLER,False,18,16,2,2,2,0,0,0.11,2,1,1499
BAHAR KOL,PROLİFT GİRESUN SANAYİSPOR,PROLİFT GİRESUN SANAYİSPOR / YÜKSEKOVA SPOR KULÜBÜ,True,18,11,7,2,1,0,1,0.11,3,0,969
BERRA BAYRAKTAR,PROLİFT GİRESUN SANAYİSPOR,PROLİFT GİRESUN SANAYİSPOR,False,18,6,12,2,1,1,0,0.11,1,0,741
SEDA NUR İNCİK,ANKARA BÜYÜKŞEHİR BELEDİYESİ FOMGET SPOR KULÜBÜ,ANKARA BÜYÜKŞEHİR BELEDİYESİ FOMGET SPOR KULÜBÜ,False,18,7,11,2,2,0,0,0.11,1,0,814
JACKLINE ADONG,ÇEKMEKÖY BİLGİDOĞA,ÇEKMEKÖY BİLGİDOĞA,False,18,18,0,2,1,1,0,0.11,4,0,1562
AMIRA OULD BRAHAM,TRABZONSPOR A.Ş.,TRABZONSPOR A.Ş.,False,18,9,9,2,2,0,0,0.11,4,0,989
DİLARA YILMAZ,FATİH VATAN SPOR,FATİH VATAN SPOR / ÇEKMEKÖY BİLGİDOĞA,True,18,12,6,1,1,0,0,0.06,1,1,1025
FATMA ATAŞ,FATİH VATAN SPOR,FATİH VATAN SPOR / PROLİFT GİRESUN SANAYİSPOR,True,18,10,8,1,0,0,1,0.06,4,0,923
AYŞE NUR SERT,YÜKSEKOVA SPOR KULÜBÜ,YÜKSEKOVA SPOR KULÜBÜ,False,18,12,6,1,1,0,0,0.06,3,0,1209
PAULA RUESS,TRABZONSPOR A.Ş.,TRABZONSPOR A.Ş.,False,18,17,1,1,1,0,0,0.06,4,1,1457
BLERTA SMAILI,ANKARA BÜYÜKŞEHİR BELEDİYESİ FOMGET SPOR KULÜBÜ,ANKARA BÜYÜKŞEHİR BELEDİYESİ FOMGET SPOR KULÜBÜ,False,18,14,4,1,1,0,0,0.06,3,0,1252
BAHAR GÜVENÇ MAVİ,1207 ANTALYASPOR  KADIN FUTBOL KULÜBÜ,1207 ANTALYASPOR  KADIN FUTBOL KULÜBÜ,False,18,17,1,1,0,1,0,0.06,0,0,1453
SELİN SİVRİKAYA,1207 ANTALYASPOR  KADIN FUTBOL KULÜBÜ,1207 ANTALYASPOR  KADIN FUTBOL KULÜBÜ,False,18,15,3,0,0,0,0,0.0,4,0,1475
FATMA KILINÇ,1207 ANTALYASPOR  KADIN FUTBOL KULÜBÜ,1207 ANTALYASPOR  KADIN FUTBOL KULÜBÜ,False,18,9,9,0,0,0,0,0.0,0,0,886
SEVİLAY DUMAN,AMED SPORTİF FAALİYETLER,AMED SPORTİF FAALİYETLER,False,18,14,4,0,0,0,0,0.0,2,0,1320
ÜMRAN ÖZEV,FENERBAHÇE ARSAVEV KADIN FUTBOL TAKIMI,FENERBAHÇE ARSAVEV KADIN FUTBOL TAKIMI,False,18,15,3,0,0,0,0,0.0,1,0,1266
FERDA İPEK ÇEVİK,AMED SPORTİF FAALİYETLER,AMED SPORTİF FAALİYETLER,False,18,11,7,0,0,0,0,0.0,1,0,991
ARMISA KUÇ,ANKARA BÜYÜKŞEHİR BELEDİYESİ FOMGET SPOR KULÜBÜ,ANKARA BÜYÜKŞEHİR BELEDİYESİ FOMGET SPOR KULÜBÜ,False,17,15,2,13,9,4,0,0.76,1,0,1405
BİRGÜL SADIKOĞLU,TRABZONSPOR A.Ş.,TRABZONSPOR A.Ş.,False,17,13,4,7,5,2,0,0.41,0,0,1194
ZEYNEP KERİMOĞLU,FENERBAHÇE ARSAVEV KADIN FUTBOL TAKIMI,FENERBAHÇE ARSAVEV KADIN FUTBOL TAKIMI,False,17,0,17,7,7,0,0,0.41,2,0,454
SEVGİ ÇINAR KARAOĞLU,BEŞİKTAŞ JK KADIN FUTBOL TAKIMI,BEŞİKTAŞ JK KADIN FUTBOL TAKIMI,False,17,10,7,6,3,3,0,0.35,3,0,804
MELİKE ÖZTÜRK,GALATASARAY GAIN,GALATASARAY GAIN,False,17,9,8,4,3,1,0,0.24,4,0,724
BAŞAK İÇİNÖZBEBEK,ANKARA BÜYÜKŞEHİR BELEDİYESİ FOMGET SPOR KULÜBÜ,ANKARA BÜYÜKŞEHİR BELEDİYESİ FOMGET SPOR KULÜBÜ,False,17,14,3,3,1,2,0,0.18,4,0,983
AZRA TIRAŞ,ÜNYE KADIN SPOR KULÜBÜ,ÜNYE KADIN SPOR KULÜBÜ / TRABZONSPOR A.Ş.,True,17,3,14,2,0,2,0,0.12,2,0,510
OLİVİA İNALÖZ,ÇEKMEKÖY BİLGİDOĞA,ÇEKMEKÖY BİLGİDOĞA,False,17,13,4,1,0,1,0,0.06,1,0,1293
ECE TEKMEN,BEŞİKTAŞ JK KADIN FUTBOL TAKIMI,BEŞİKTAŞ JK KADIN FUTBOL TAKIMI,False,17,17,0,1,1,0,0,0.06,1,0,1406
ŞEFİKA ÖZ,1207 ANTALYASPOR  KADIN FUTBOL KULÜBÜ,1207 ANTALYASPOR  KADIN FUTBOL KULÜBÜ,False,17,10,7,0,0,0,0,0.0,0,0,854
FİDAN JAFAROVA,HAKKARİGÜCÜ SPOR,HAKKARİGÜCÜ SPOR,False,17,12,5,0,0,0,0,0.0,3,0,1035
SELDA AKGÖZ,ANKARA BÜYÜKŞEHİR BELEDİYESİ FOMGET SPOR KULÜBÜ,ANKARA BÜYÜKŞEHİR BELEDİYESİ FOMGET SPOR KULÜBÜ,False,17,17,0,0,0,0,0,0.0,0,0,1530
BERNA YENİÇERİ,TRABZONSPOR A.Ş.,TRABZONSPOR A.Ş.,False,17,15,2,0,0,0,0,0.0,2,0,1243
RABİYA KARAGÜL,PROLİFT GİRESUN SANAYİSPOR,PROLİFT GİRESUN SANAYİSPOR,False,17,8,9,0,0,0,0,0.0,3,0,698
FATOU DAO,ÇEKMEKÖY BİLGİDOĞA,ÇEKMEKÖY BİLGİDOĞA,False,16,13,3,1,1,0,0,0.06,3,0,1176
ANGEL KEZIAH ESHIRENDAH MUKASA,GALATASARAY GAIN,GALATASARAY GAIN,False,16,16,0,0,0,0,0,0.0,0,0,1440
NAZMİYE AYTOP,AMED SPORTİF FAALİYETLER,AMED SPORTİF FAALİYETLER,False,16,16,0,0,0,0,0,0.0,1,0,1264
SEVGİ SEVİN ERGEN,HAKKARİGÜCÜ SPOR,HAKKARİGÜCÜ SPOR,False,16,10,6,0,0,0,0,0.0,6,0,1060
ARİFE ŞENTÜRK,ÜNYE KADIN SPOR KULÜBÜ,ÜNYE KADIN SPOR KULÜBÜ,False,16,0,16,0,0,0,0,0.0,0,0,274
SÜHEYLA ÇALÇINAR,YÜKSEKOVA SPOR KULÜBÜ,YÜKSEKOVA SPOR KULÜBÜ,False,16,15,1,0,0,0,0,0.0,3,0,1301
LIUBOV SHMATKO,ANKARA BÜYÜKŞEHİR BELEDİYESİ FOMGET SPOR KULÜBÜ,ANKARA BÜYÜKŞEHİR BELEDİYESİ FOMGET SPOR KULÜBÜ,False,15,12,3,1,1,0,0,0.07,2,0,1056
KAFAYAT FOLAKEMI SHITTU,PROLİFT GİRESUN SANAYİSPOR,PROLİFT GİRESUN SANAYİSPOR,False,15,13,2,0,0,0,0,0.0,1,0,1216
EZGİ ÇAĞLAR,BEŞİKTAŞ JK KADIN FUTBOL TAKIMI,BEŞİKTAŞ JK KADIN FUTBOL TAKIMI,False,15,15,0,0,0,0,0,0.0,2,0,1350
ZERDA TAŞCI,PROLİFT GİRESUN SANAYİSPOR,PROLİFT GİRESUN SANAYİSPOR / 1207 ANTALYASPOR  KADIN FUTBOL KULÜBÜ,True,15,13,2,0,0,0,0,0.0,0,0,1180
JALE AĞAYAR QIZIZHALA MAHSIMOVA,YÜKSEKOVA SPOR KULÜBÜ,YÜKSEKOVA SPOR KULÜBÜ,False,15,15,0,0,0,0,0,0.0,2,1,1306
TÜLİN BALUR,FATİH VATAN SPOR,FATİH VATAN SPOR,False,15,10,5,0,0,0,0,0.0,0,0,974
VALENTINA GIACINTI,GALATASARAY GAIN,GALATASARAY GAIN,False,14,12,2,14,13,1,0,1.0,1,0,967
MELİKE PEKEL,GALATASARAY GAIN,GALATASARAY GAIN,False,14,7,7,5,5,0,0,0.36,0,0,756
AZRA ARDOS,TRABZONSPOR A.Ş.,TRABZONSPOR A.Ş.,False,14,4,10,5,5,0,0,0.36,2,0,564
GEORGINA AYISHA AOYEM,AMED SPORTİF FAALİYETLER,AMED SPORTİF FAALİYETLER,False,14,6,8,3,3,0,0,0.21,0,0,530
SARAH YASONGAMO MAKANDA,1207 ANTALYASPOR  KADIN FUTBOL KULÜBÜ,1207 ANTALYASPOR  KADIN FUTBOL KULÜBÜ,False,14,13,1,2,2,0,0,0.14,2,0,1188
LETAGO MADIBA,YÜKSEKOVA SPOR KULÜBÜ,YÜKSEKOVA SPOR KULÜBÜ,False,14,4,10,1,1,0,0,0.07,0,0,427
NİLAY GÜRELER,ÇEKMEKÖY BİLGİDOĞA,ÇEKMEKÖY BİLGİDOĞA / ŞİLE BİLGİDOĞA SPORTİF YATIRIM HİZMETLERİ A.Ş,True,14,14,0,1,1,0,0,0.07,1,0,1147
NARGIZ ALIYEVA,FATİH VATAN SPOR,FATİH VATAN SPOR / PROLİFT GİRESUN SANAYİSPOR,True,14,14,0,0,0,0,0,0.0,0,0,1260
ELLEN COLEMAN,1207 ANTALYASPOR  KADIN FUTBOL KULÜBÜ,1207 ANTALYASPOR  KADIN FUTBOL KULÜBÜ,False,14,10,4,0,0,0,0,0.0,0,0,934
NUR YUNTÜR,FATİH VATAN SPOR,FATİH VATAN SPOR,False,14,5,9,0,0,0,0,0.0,1,0,468
FATMANUR YANTUR,FATİH VATAN SPOR,FATİH VATAN SPOR,False,14,12,2,0,0,0,0,0.0,2,0,1095
ÇAĞLA DOĞAN,FATİH VATAN SPOR,FATİH VATAN SPOR,False,14,12,2,0,0,0,0,0.0,4,0,960
BAŞAK GÜNDOĞDU,BEŞİKTAŞ JK KADIN FUTBOL TAKIMI,BEŞİKTAŞ JK KADIN FUTBOL TAKIMI,False,13,1,12,11,10,0,1,0.85,0,0,304
NİHAL SARAÇ,BEŞİKTAŞ JK KADIN FUTBOL TAKIMI,BEŞİKTAŞ JK KADIN FUTBOL TAKIMI / TRABZONSPOR A.Ş.,True,13,9,4,4,1,2,1,0.31,3,1,725
ŞEHRİBAN DÜLEK,FATİH VATAN SPOR,FATİH VATAN SPOR,False,13,13,0,3,1,1,1,0.23,4,0,1170
FATMA SARE ÖZTÜRK,TRABZONSPOR A.Ş.,TRABZONSPOR A.Ş.,False,13,10,3,2,2,0,0,0.15,0,0,928
GİZEM AYDIN,FATİH VATAN SPOR,FATİH VATAN SPOR,False,13,13,0,1,1,0,0,0.08,0,0,865
İLKNUR ERYOLDAŞ,SERCAN İNŞAAT GAZİANTEP ALG SPOR,SERCAN İNŞAAT GAZİANTEP ALG SPOR / ALG SPOR,True,13,8,5,1,1,0,0,0.08,1,0,830
LYDIA NAYELI RANGEL HERNANDEZ,ANKARA BÜYÜKŞEHİR BELEDİYESİ FOMGET SPOR KULÜBÜ,ANKARA BÜYÜKŞEHİR BELEDİYESİ FOMGET SPOR KULÜBÜ,False,13,9,4,1,1,0,0,0.08,1,0,638
DIANA LUCAS MSEWA,TRABZONSPOR A.Ş.,TRABZONSPOR A.Ş.,False,13,2,11,1,1,0,0,0.08,0,0,398
MEDİNE ERKAN,ANKARA BÜYÜKŞEHİR BELEDİYESİ FOMGET SPOR KULÜBÜ,ANKARA BÜYÜKŞEHİR BELEDİYESİ FOMGET SPOR KULÜBÜ,False,13,9,4,0,0,0,0,0.0,0,1,859
ARMERA TUKAJ,TRABZONSPOR A.Ş.,TRABZONSPOR A.Ş.,False,13,4,9,0,0,0,0,0.0,0,0,348
HÜMEYRA ŞANVER,1207 ANTALYASPOR  KADIN FUTBOL KULÜBÜ,1207 ANTALYASPOR  KADIN FUTBOL KULÜBÜ / HAKKARİGÜCÜ SPOR,True,13,11,2,0,0,0,0,0.0,2,1,1020
NATALIA MUNTEANU,FENERBAHÇE ARSAVEV KADIN FUTBOL TAKIMI,FENERBAHÇE ARSAVEV KADIN FUTBOL TAKIMI,False,13,13,0,0,0,0,0,0.0,0,0,1170
SERPİL İŞLER,FATİH VATAN SPOR,FATİH VATAN SPOR,False,13,12,1,0,0,0,0,0.0,1,0,1048
MARTA ALEXANDRA COX VILLARREAL,FENERBAHÇE ARSAVEV KADIN FUTBOL TAKIMI,FENERBAHÇE ARSAVEV KADIN FUTBOL TAKIMI,False,12,9,3,7,4,0,3,0.58,1,0,812
OUASSİLA ALOUACHE,1207 ANTALYASPOR  KADIN FUTBOL KULÜBÜ,1207 ANTALYASPOR  KADIN FUTBOL KULÜBÜ,False,12,12,0,5,5,0,0,0.42,1,0,1031
ELENA GRACINDA SANTOS,FENERBAHÇE ARSAVEV KADIN FUTBOL TAKIMI,FENERBAHÇE ARSAVEV KADIN FUTBOL TAKIMI,False,12,6,6,3,2,1,0,0.25,2,0,489
CANSU İRİŞ,FATİH VATAN SPOR,FATİH VATAN SPOR,False,12,12,0,3,3,0,0,0.25,2,0,1048
OUAFAA HAMRI,1207 ANTALYASPOR  KADIN FUTBOL KULÜBÜ,1207 ANTALYASPOR  KADIN FUTBOL KULÜBÜ,False,12,12,0,2,2,0,0,0.17,3,0,1032
NOELA PATRICK LUHALA,1207 ANTALYASPOR  KADIN FUTBOL KULÜBÜ,1207 ANTALYASPOR  KADIN FUTBOL KULÜBÜ,False,12,12,0,2,2,0,0,0.17,2,0,1080
ZOTE NINA KPAHO,PROLİFT GİRESUN SANAYİSPOR,PROLİFT GİRESUN SANAYİSPOR,False,12,12,0,2,2,0,0,0.17,1,0,1080
BERFİN ELİF CEYLAN,ÇEKMEKÖY BİLGİDOĞA,ÇEKMEKÖY BİLGİDOĞA,False,12,11,1,1,1,0,0,0.08,4,0,965
İREM EREN,GALATASARAY GAIN,GALATASARAY GAIN,False,12,1,11,1,1,0,0,0.08,0,0,217
ALEXANDRA TAKOUNDA ENGOLO,FATİH VATAN SPOR,FATİH VATAN SPOR / PROLİFT GİRESUN SANAYİSPOR,True,12,6,6,1,0,1,0,0.08,1,0,612
AÇELYA NOMAK,FATİH VATAN SPOR,FATİH VATAN SPOR,False,12,12,0,1,1,0,0,0.08,2,0,1079
DUYGU YILMAZ,ÇEKMEKÖY BİLGİDOĞA,ÇEKMEKÖY BİLGİDOĞA / FATİH VATAN SPOR,True,12,12,0,0,0,0,0,0.0,1,0,1071
AYSHAN AHMADOVA,AMED SPORTİF FAALİYETLER,AMED SPORTİF FAALİYETLER,False,12,11,1,0,0,0,0,0.0,2,0,903
JOY EBINEMIERE BOKIRI,ÜNYE KADIN SPOR KULÜBÜ,ÜNYE KADIN SPOR KULÜBÜ,False,12,9,3,0,0,0,0,0.0,1,0,842
AYŞE ŞEVVAL AY,FATİH VATAN SPOR,FATİH VATAN SPOR,False,12,12,0,0,0,0,0,0.0,0,0,1043
ZEYNEP ÜLKÜ KAHYA,FATİH VATAN SPOR,FATİH VATAN SPOR,False,12,12,0,0,0,0,0,0.0,0,0,1048
AQSA MUSHTAQ,ÜNYE KADIN SPOR KULÜBÜ,ÜNYE KADIN SPOR KULÜBÜ,False,11,9,2,3,3,0,0,0.27,0,0,687
MESUDE ALAYONT,FENERBAHÇE ARSAVEV KADIN FUTBOL TAKIMI,FENERBAHÇE ARSAVEV KADIN FUTBOL TAKIMI,False,11,3,8,2,2,0,0,0.18,0,0,429
SUDE NAZ ÖZ,ÇEKMEKÖY BİLGİDOĞA,ÇEKMEKÖY BİLGİDOĞA,False,11,8,3,1,1,0,0,0.09,1,0,658
NURSEL ÖZKAN,HAKKARİGÜCÜ SPOR,HAKKARİGÜCÜ SPOR / YÜKSEKOVA SPOR KULÜBÜ,True,11,0,11,1,1,0,0,0.09,0,0,192
BEYZA SEMERCİOĞLU,BEŞİKTAŞ JK KADIN FUTBOL TAKIMI,BEŞİKTAŞ JK KADIN FUTBOL TAKIMI,False,11,1,10,1,1,0,0,0.09,1,0,264
DİYAN CEYHAN,YÜKSEKOVA SPOR KULÜBÜ,YÜKSEKOVA SPOR KULÜBÜ,False,11,3,8,0,0,0,0,0.0,0,0,252
KEVINE OSSOL,HAKKARİGÜCÜ SPOR,HAKKARİGÜCÜ SPOR,False,11,10,1,0,0,0,0,0.0,3,0,920
ECENAZ BAYKUŞ,SERCAN İNŞAAT GAZİANTEP ALG SPOR,SERCAN İNŞAAT GAZİANTEP ALG SPOR / ALG SPOR / GAZİANTEP ALG SPOR KULÜBÜ,True,11,5,6,0,0,0,0,0.0,0,0,638
FATLINDA RAMAJ,TRABZONSPOR A.Ş.,TRABZONSPOR A.Ş.,False,11,7,4,0,0,0,0,0.0,1,0,741
YAĞMUR BEREN GÖNÜLLÜ,1207 ANTALYASPOR  KADIN FUTBOL KULÜBÜ,1207 ANTALYASPOR  KADIN FUTBOL KULÜBÜ,False,11,3,8,0,0,0,0,0.0,0,0,435
BERİL BECEREN,ÇEKMEKÖY BİLGİDOĞA,ÇEKMEKÖY BİLGİDOĞA,False,11,11,0,0,0,0,0,0.0,1,0,990
MADINATOU ROUAMBA,TRABZONSPOR A.Ş.,TRABZONSPOR A.Ş.,False,11,11,0,0,0,0,0,0.0,1,0,987
KERİME KAYMAZ,1207 ANTALYASPOR  KADIN FUTBOL KULÜBÜ,1207 ANTALYASPOR  KADIN FUTBOL KULÜBÜ,False,11,11,0,0,0,0,0,0.0,0,0,954
SKAISTE PETRAUSKAITE,1207 ANTALYASPOR  KADIN FUTBOL KULÜBÜ,1207 ANTALYASPOR  KADIN FUTBOL KULÜBÜ,False,11,11,0,0,0,0,0,0.0,2,0,985
DANA MARGARETHA WILHELMINA FOEDERER,GALATASARAY GAIN,GALATASARAY GAIN,False,11,10,1,0,0,0,0,0.0,0,0,902
SULIYAT DAMOLA HASSAN,SERCAN İNŞAAT GAZİANTEP ALG SPOR,SERCAN İNŞAAT GAZİANTEP ALG SPOR,False,10,10,0,3,3,0,0,0.3,0,0,900
VICTORIA THALITA ALVRANGA DIAS,HAKKARİGÜCÜ SPOR,HAKKARİGÜCÜ SPOR,False,10,10,0,2,2,0,0,0.2,0,0,715
LALIA DALI USAGE STORTI,GALATASARAY GAIN,GALATASARAY GAIN,False,10,6,4,0,0,0,0,0.0,2,0,653
KARİNA SOCARRAS VİLLALONGA,1207 ANTALYASPOR  KADIN FUTBOL KULÜBÜ,1207 ANTALYASPOR  KADIN FUTBOL KULÜBÜ,False,10,10,0,0,0,0,0,0.0,1,0,730
ESMANUR SOLAK,SERCAN İNŞAAT GAZİANTEP ALG SPOR,SERCAN İNŞAAT GAZİANTEP ALG SPOR / ALG SPOR / GAZİANTEP ALG SPOR KULÜBÜ,True,10,4,6,0,0,0,0,0.0,0,0,485
ROSE TEYE BAAH,PROLİFT GİRESUN SANAYİSPOR,PROLİFT GİRESUN SANAYİSPOR,False,10,10,0,0,0,0,0,0.0,0,0,846
GÖKNUR GÜLERYÜZ,FENERBAHÇE ARSAVEV KADIN FUTBOL TAKIMI,FENERBAHÇE ARSAVEV KADIN FUTBOL TAKIMI,False,10,10,0,0,0,0,0,0.0,0,0,900
MARIE LAURE KONG,AMED SPORTİF FAALİYETLER,AMED SPORTİF FAALİYETLER,False,10,10,0,0,0,0,0,0.0,3,0,856
DOROTHEE MUKESHIMANA,SERCAN İNŞAAT GAZİANTEP ALG SPOR,SERCAN İNŞAAT GAZİANTEP ALG SPOR,False,10,10,0,0,0,0,0,0.0,0,0,900
MARIAM AYONI AJIBOLA,SERCAN İNŞAAT GAZİANTEP ALG SPOR,SERCAN İNŞAAT GAZİANTEP ALG SPOR,False,10,10,0,0,0,0,0,0.0,3,0,900
MARIAM DIAKITE,FENERBAHÇE ARSAVEV KADIN FUTBOL TAKIMI,FENERBAHÇE ARSAVEV KADIN FUTBOL TAKIMI,False,10,7,3,0,0,0,0,0.0,0,0,653
MELİSA ORAL,FATİH VATAN SPOR,FATİH VATAN SPOR,False,10,9,1,0,0,0,0,0.0,0,0,809
ARZU AKKURT,GALATASARAY GAIN,GALATASARAY GAIN,False,10,0,10,0,0,0,0,0.0,1,0,95
JUSTİCE TWENEBOAA,HAKKARİGÜCÜ SPOR,HAKKARİGÜCÜ SPOR,False,10,9,1,0,0,0,0,0.0,0,0,811
LARA ANTUNES PINTASSILGO,BEŞİKTAŞ JK KADIN FUTBOL TAKIMI,BEŞİKTAŞ JK KADIN FUTBOL TAKIMI,False,9,5,4,4,3,1,0,0.44,0,0,384
MARGITA VASOVIC,FATİH VATAN SPOR,FATİH VATAN SPOR,False,9,7,2,2,2,0,0,0.22,1,0,698
ARYANA LYNN HARVEY,PROLİFT GİRESUN SANAYİSPOR,PROLİFT GİRESUN SANAYİSPOR,False,9,6,3,2,2,0,0,0.22,2,0,607
TIJANA ZARKOVIC,FATİH VATAN SPOR,FATİH VATAN SPOR,False,9,9,0,1,1,0,0,0.11,1,0,766
MEDİNE BOZALİ,AMED SPORTİF FAALİYETLER,AMED SPORTİF FAALİYETLER,False,9,0,9,1,1,0,0,0.11,0,0,149
PEREIRA DA SILVA SYLVIA BEATRIZ,SERCAN İNŞAAT GAZİANTEP ALG SPOR,SERCAN İNŞAAT GAZİANTEP ALG SPOR / GAZİANTEP ALG SPOR KULÜBÜ,True,9,8,1,1,1,0,0,0.11,2,0,700
DARIJA DUKIC,FATİH VATAN SPOR,FATİH VATAN SPOR,False,9,9,0,0,0,0,0,0.0,2,0,766
ŞEVVAL DURSUN,ÜNYE KADIN SPOR KULÜBÜ,ÜNYE KADIN SPOR KULÜBÜ,False,9,2,7,0,0,0,0,0.0,1,0,339
MELDA ÇETİN,PROLİFT GİRESUN SANAYİSPOR,PROLİFT GİRESUN SANAYİSPOR,False,9,9,0,0,0,0,0,0.0,4,0,725
ALMA KRAJNİC,PROLİFT GİRESUN SANAYİSPOR,PROLİFT GİRESUN SANAYİSPOR,False,9,7,2,0,0,0,0,0.0,2,0,627
ZEYNEP BUĞAAKÇA,SERCAN İNŞAAT GAZİANTEP ALG SPOR,SERCAN İNŞAAT GAZİANTEP ALG SPOR / GAZİANTEP ALG SPOR KULÜBÜ / ALG SPOR,True,9,2,7,0,0,0,0,0.0,0,0,327
YANA DERKACH,ANKARA BÜYÜKŞEHİR BELEDİYESİ FOMGET SPOR KULÜBÜ,ANKARA BÜYÜKŞEHİR BELEDİYESİ FOMGET SPOR KULÜBÜ,False,9,2,7,0,0,0,0,0.0,0,0,324
AICHA HAMIDECHE,BEŞİKTAŞ JK KADIN FUTBOL TAKIMI,BEŞİKTAŞ JK KADIN FUTBOL TAKIMI,False,9,3,6,0,0,0,0,0.0,1,0,305
EMİNE ECEM ESEN,ANKARA BÜYÜKŞEHİR BELEDİYESİ FOMGET SPOR KULÜBÜ,ANKARA BÜYÜKŞEHİR BELEDİYESİ FOMGET SPOR KULÜBÜ,False,9,2,7,0,0,0,0,0.0,0,0,297
EBRU ŞAHİN,ANKARA BÜYÜKŞEHİR BELEDİYESİ FOMGET SPOR KULÜBÜ,ANKARA BÜYÜKŞEHİR BELEDİYESİ FOMGET SPOR KULÜBÜ,False,9,2,7,0,0,0,0,0.0,0,0,271
ÖZLEM AKKAYA,HAKKARİGÜCÜ SPOR,HAKKARİGÜCÜ SPOR,False,9,4,5,0,0,0,0,0.0,0,0,357
İREM DAMLA ŞAHİN,BEŞİKTAŞ JK KADIN FUTBOL TAKIMI,BEŞİKTAŞ JK KADIN FUTBOL TAKIMI,False,9,9,0,0,0,0,0,0.0,0,0,810
ASİA BRAGONZİ,TRABZONSPOR A.Ş.,TRABZONSPOR A.Ş.,False,8,3,5,3,3,0,0,0.38,1,0,308
KARYNA ALKHOVIK,FENERBAHÇE ARSAVEV KADIN FUTBOL TAKIMI,FENERBAHÇE ARSAVEV KADIN FUTBOL TAKIMI,False,8,4,4,2,2,0,0,0.25,0,0,334
MERYEM CENNET ÇAL,BEŞİKTAŞ JK KADIN FUTBOL TAKIMI,BEŞİKTAŞ JK KADIN FUTBOL TAKIMI,False,8,8,0,2,2,0,0,0.25,1,0,676
OLGA MASSOMBO,FENERBAHÇE ARSAVEV KADIN FUTBOL TAKIMI,FENERBAHÇE ARSAVEV KADIN FUTBOL TAKIMI,False,8,1,7,2,2,0,0,0.25,0,0,263
İREM ACAR,SERCAN İNŞAAT GAZİANTEP ALG SPOR,SERCAN İNŞAAT GAZİANTEP ALG SPOR / ALG SPOR / GAZİANTEP ALG SPOR KULÜBÜ,True,8,8,0,1,1,0,0,0.12,2,0,616
ESMANUR DURAL,AMED SPORTİF FAALİYETLER,AMED SPORTİF FAALİYETLER,False,8,0,8,1,1,0,0,0.12,0,0,100
CANSU GÜREL,FENERBAHÇE ARSAVEV KADIN FUTBOL TAKIMI,FENERBAHÇE ARSAVEV KADIN FUTBOL TAKIMI,False,8,1,7,1,1,0,0,0.12,0,0,279
SELVİ BEYZA AYDOĞDU,ÇEKMEKÖY BİLGİDOĞA,ÇEKMEKÖY BİLGİDOĞA,False,8,2,6,0,0,0,0,0.0,0,0,204
ZÜLEYHA GÖLGELİKAYA,ÇEKMEKÖY BİLGİDOĞA,ÇEKMEKÖY BİLGİDOĞA,False,8,6,2,0,0,0,0,0.0,0,0,530
EMİNE BURKAY,SERCAN İNŞAAT GAZİANTEP ALG SPOR,SERCAN İNŞAAT GAZİANTEP ALG SPOR / ALG SPOR / GAZİANTEP ALG SPOR KULÜBÜ,True,8,3,5,0,0,0,0,0.0,0,0,342
HABİBE NUR IŞIKOĞLU,SERCAN İNŞAAT GAZİANTEP ALG SPOR,SERCAN İNŞAAT GAZİANTEP ALG SPOR / ALG SPOR / GAZİANTEP ALG SPOR KULÜBÜ,True,8,8,0,0,0,0,0,0.0,0,0,631
ELİF REYYAN AĞKEMİK,SERCAN İNŞAAT GAZİANTEP ALG SPOR,SERCAN İNŞAAT GAZİANTEP ALG SPOR / ALG SPOR / GAZİANTEP ALG SPOR KULÜBÜ,True,8,8,0,0,0,0,0,0.0,0,0,611
SEMA POLAT,TRABZONSPOR A.Ş.,TRABZONSPOR A.Ş.,False,8,4,4,0,0,0,0,0.0,0,0,373
GÜLSÜM ÇAKIR,FATİH VATAN SPOR,FATİH VATAN SPOR,False,8,4,4,0,0,0,0,0.0,0,0,383
ROBERTA APRILE,GALATASARAY GAIN,GALATASARAY GAIN,False,8,8,0,0,0,0,0,0.0,0,0,720
MEHRİBAN SHAHMAMMADOVA,SERCAN İNŞAAT GAZİANTEP ALG SPOR,SERCAN İNŞAAT GAZİANTEP ALG SPOR / GAZİANTEP ALG SPOR KULÜBÜ,True,8,8,0,0,0,0,0,0.0,0,0,717
MELİSA NİLGÜN KESER,FATİH VATAN SPOR,FATİH VATAN SPOR,False,8,7,1,0,0,0,0,0.0,1,0,642
ELANUR LAÇIN,GALATASARAY GAIN,GALATASARAY GAIN,False,7,0,7,4,3,1,0,0.57,1,0,117
ELENA SHESTERNEVA,TRABZONSPOR A.Ş.,TRABZONSPOR A.Ş.,False,7,6,1,2,2,0,0,0.29,0,0,397
GÜLPERİ ATICI,SERCAN İNŞAAT GAZİANTEP ALG SPOR,SERCAN İNŞAAT GAZİANTEP ALG SPOR / ALG SPOR / GAZİANTEP ALG SPOR KULÜBÜ,True,7,5,2,1,1,0,0,0.14,0,0,355
YAŞAM GÖKSU,FENERBAHÇE ARSAVEV KADIN FUTBOL TAKIMI,FENERBAHÇE ARSAVEV KADIN FUTBOL TAKIMI,False,7,4,3,1,0,1,0,0.14,0,0,393
MARY ABOSEDE SALAMI,1207 ANTALYASPOR  KADIN FUTBOL KULÜBÜ,1207 ANTALYASPOR  KADIN FUTBOL KULÜBÜ,False,7,7,0,0,0,0,0,0.0,1,0,578
SARA MALİQİ,ÜNYE KADIN SPOR KULÜBÜ,ÜNYE KADIN SPOR KULÜBÜ,False,7,7,0,0,0,0,0,0.0,1,0,561
JAYLEN KENNEDY CRIM,TRABZONSPOR A.Ş.,TRABZONSPOR A.Ş.,False,7,4,3,0,0,0,0,0.0,0,0,342
DAMLA KÖSE,ÜNYE KADIN SPOR KULÜBÜ,ÜNYE KADIN SPOR KULÜBÜ / PROLİFT GİRESUN SANAYİSPOR,True,7,0,7,0,0,0,0,0.0,0,0,84
FAİZA BINT IBRAHIM,SERCAN İNŞAAT GAZİANTEP ALG SPOR,SERCAN İNŞAAT GAZİANTEP ALG SPOR,False,7,7,0,0,0,0,0,0.0,1,0,577
MARTHA BBOSA NALUNKUUMA,SERCAN İNŞAAT GAZİANTEP ALG SPOR,SERCAN İNŞAAT GAZİANTEP ALG SPOR,False,7,4,3,0,0,0,0,0.0,1,0,383
SÜMEYYE GÜNAYDIN,FATİH VATAN SPOR,FATİH VATAN SPOR,False,7,1,6,0,0,0,0,0.0,0,0,137
TÜRKAN SİVRİ,FATİH VATAN SPOR,FATİH VATAN SPOR,False,7,3,4,0,0,0,0,0.0,0,0,311
MERYEM MAS,ÇEKMEKÖY BİLGİDOĞA,ÇEKMEKÖY BİLGİDOĞA / ŞİLE BİLGİDOĞA SPORTİF YATIRIM HİZMETLERİ A.Ş,True,7,7,0,0,0,0,0,0.0,4,0,610
VALENTINA TROKA,TRABZONSPOR A.Ş.,TRABZONSPOR A.Ş.,False,6,1,5,2,1,1,0,0.33,2,0,159
DİLAN BORA,TRABZONSPOR A.Ş.,TRABZONSPOR A.Ş.,False,6,1,5,2,2,0,0,0.33,2,0,120
PRECIOUS ADJWOA HAIZEL,SERCAN İNŞAAT GAZİANTEP ALG SPOR,SERCAN İNŞAAT GAZİANTEP ALG SPOR,False,6,5,1,2,2,0,0,0.33,0,0,453
MAVIS OWUSU,ANKARA BÜYÜKŞEHİR BELEDİYESİ FOMGET SPOR KULÜBÜ,ANKARA BÜYÜKŞEHİR BELEDİYESİ FOMGET SPOR KULÜBÜ,False,6,4,2,2,2,0,0,0.33,0,0,328
DEFNESU ALDEMİR,BEŞİKTAŞ JK KADIN FUTBOL TAKIMI,BEŞİKTAŞ JK KADIN FUTBOL TAKIMI / ÇEKMEKÖY BİLGİDOĞA / ŞİLE BİLGİDOĞA SPORTİF YATIRIM HİZMETLERİ A.Ş,True,6,4,2,1,1,0,0,0.17,0,0,407
BERRA PEKGÖZ,GALATASARAY GAIN,GALATASARAY GAIN,False,6,0,6,1,1,0,0,0.17,0,0,67
RUKİYE CANBAL,SERCAN İNŞAAT GAZİANTEP ALG SPOR,SERCAN İNŞAAT GAZİANTEP ALG SPOR,False,6,6,0,1,1,0,0,0.17,0,0,519
DORİS AKAHEEH,SERCAN İNŞAAT GAZİANTEP ALG SPOR,SERCAN İNŞAAT GAZİANTEP ALG SPOR,False,6,6,0,1,1,0,0,0.17,1,0,477
HİLAL SUBAY,HAKKARİGÜCÜ SPOR,HAKKARİGÜCÜ SPOR / SERCAN İNŞAAT GAZİANTEP ALG SPOR,True,6,5,1,0,0,0,0,0.0,2,0,410
PRINCESS MEGAN ATEGBAYON IBINI ISEI,BEŞİKTAŞ JK KADIN FUTBOL TAKIMI,BEŞİKTAŞ JK KADIN FUTBOL TAKIMI,False,6,2,4,0,0,0,0,0.0,0,0,233
EZGİ ADA ÇINAR,1207 ANTALYASPOR  KADIN FUTBOL KULÜBÜ,1207 ANTALYASPOR  KADIN FUTBOL KULÜBÜ,False,6,0,6,0,0,0,0,0.0,0,0,56
SİNEM BASAK,YÜKSEKOVA SPOR KULÜBÜ,YÜKSEKOVA SPOR KULÜBÜ,False,6,0,6,0,0,0,0,0.0,0,0,36
HATİCE YAŞAR,HAKKARİGÜCÜ SPOR,HAKKARİGÜCÜ SPOR,False,6,0,6,0,0,0,0,0.0,0,0,236
DİLAN ASLAN,YÜKSEKOVA SPOR KULÜBÜ,YÜKSEKOVA SPOR KULÜBÜ,False,6,0,6,0,0,0,0,0.0,0,0,39
MARIA ASUNCION QUINONES GOICOECHEA,ANKARA BÜYÜKŞEHİR BELEDİYESİ FOMGET SPOR KULÜBÜ,ANKARA BÜYÜKŞEHİR BELEDİYESİ FOMGET SPOR KULÜBÜ,False,6,6,0,0,0,0,0,0.0,0,0,540
MARIA INES VIEIRA MAIA,BEŞİKTAŞ JK KADIN FUTBOL TAKIMI,BEŞİKTAŞ JK KADIN FUTBOL TAKIMI,False,6,2,4,0,0,0,0,0.0,0,0,252
KENNYA KINDA ESTHER CORDNER,ÇEKMEKÖY BİLGİDOĞA,ÇEKMEKÖY BİLGİDOĞA,False,6,6,0,0,0,0,0,0.0,0,0,519
SUZAN SAYACA,AMED SPORTİF FAALİYETLER,AMED SPORTİF FAALİYETLER,False,6,1,5,0,0,0,0,0.0,0,0,123
ELİF AYTEKİN,1207 ANTALYASPOR  KADIN FUTBOL KULÜBÜ,1207 ANTALYASPOR  KADIN FUTBOL KULÜBÜ,False,6,6,0,0,0,0,0,0.0,0,0,540
SUDE MİHRİ ÇINAR,ÇEKMEKÖY BİLGİDOĞA,ÇEKMEKÖY BİLGİDOĞA / ŞİLE BİLGİDOĞA SPORTİF YATIRIM HİZMETLERİ A.Ş,True,6,6,0,0,0,0,0,0.0,0,0,493
ESRA EROL,ÇEKMEKÖY BİLGİDOĞA,ÇEKMEKÖY BİLGİDOĞA / ŞİLE BİLGİDOĞA SPORTİF YATIRIM HİZMETLERİ A.Ş,True,6,6,0,0,0,0,0,0.0,0,0,540
İLAYDA AKDENİZ,PROLİFT GİRESUN SANAYİSPOR,PROLİFT GİRESUN SANAYİSPOR,False,6,3,3,0,0,0,0,0.0,0,0,273
PRİNCELLA ADUBEA,YÜKSEKOVA SPOR KULÜBÜ,YÜKSEKOVA SPOR KULÜBÜ,False,5,3,2,2,2,0,0,0.4,0,0,289
DOĞA SELEN SANCAR,ÇEKMEKÖY BİLGİDOĞA,ÇEKMEKÖY BİLGİDOĞA,False,5,5,0,0,0,0,0,0.0,0,0,436
GÜZİDE ALÇU,YÜKSEKOVA SPOR KULÜBÜ,YÜKSEKOVA SPOR KULÜBÜ,False,5,4,1,0,0,0,0,0.0,1,0,386
EVDOKIA DIMITROVA POPADINOVA,BEŞİKTAŞ JK KADIN FUTBOL TAKIMI,BEŞİKTAŞ JK KADIN FUTBOL TAKIMI,False,5,2,3,0,0,0,0,0.0,0,1,237
AYŞE AKBALIK,YÜKSEKOVA SPOR KULÜBÜ,YÜKSEKOVA SPOR KULÜBÜ,False,5,0,5,0,0,0,0,0.0,0,0,13
LIVIA LOPES DOS SANTOS,ÇEKMEKÖY BİLGİDOĞA,ÇEKMEKÖY BİLGİDOĞA,False,5,3,2,0,0,0,0,0.0,0,0,222
ZEYNEP GÜL KESKİN,FATİH VATAN SPOR,FATİH VATAN SPOR,False,5,0,5,0,0,0,0,0.0,0,0,65
SILA KÜÇÜKBIYIK,ÇEKMEKÖY BİLGİDOĞA,ÇEKMEKÖY BİLGİDOĞA,False,5,4,1,0,0,0,0,0.0,1,0,365
LINA YANG,GALATASARAY GAIN,GALATASARAY GAIN,False,5,0,5,0,0,0,0,0.0,0,0,36
VITORIA SILVA DE ALMEIDA,GALATASARAY GAIN,GALATASARAY GAIN,False,5,1,4,0,0,0,0,0.0,1,0,171
İREM BARUT,FATİH VATAN SPOR,FATİH VATAN SPOR,False,5,4,1,0,0,0,0,0.0,1,0,380
ESİN NİSA SİVASLI,ŞİLE BİLGİDOĞA SPORTİF YATIRIM HİZMETLERİ A.Ş,ŞİLE BİLGİDOĞA SPORTİF YATIRIM HİZMETLERİ A.Ş / ÇEKMEKÖY BİLGİDOĞA,True,5,3,2,0,0,0,0,0.0,1,0,297
EFLİN SARAN,ŞİLE BİLGİDOĞA SPORTİF YATIRIM HİZMETLERİ A.Ş,ŞİLE BİLGİDOĞA SPORTİF YATIRIM HİZMETLERİ A.Ş / ÇEKMEKÖY BİLGİDOĞA,True,5,2,3,0,0,0,0,0.0,0,0,201
TANIA RITA PONTES MATUES,BEŞİKTAŞ JK KADIN FUTBOL TAKIMI,BEŞİKTAŞ JK KADIN FUTBOL TAKIMI,False,4,1,3,1,1,0,0,0.25,0,0,164
GÜL BEYZA AKPINAR,ALG SPOR,ALG SPOR / GAZİANTEP ALG SPOR KULÜBÜ,True,4,4,0,0,0,0,0,0.0,0,0,346
HUDA BOZO,ALG SPOR,ALG SPOR / GAZİANTEP ALG SPOR KULÜBÜ,True,4,2,2,0,0,0,0,0.0,0,0,189
KARDELEN PATOĞLU,ALG SPOR,ALG SPOR / GAZİANTEP ALG SPOR KULÜBÜ,True,4,4,0,0,0,0,0,0.0,1,0,350
OLIVIA MATILDE JOHANSSON ALCAIDE,FENERBAHÇE ARSAVEV KADIN FUTBOL TAKIMI,FENERBAHÇE ARSAVEV KADIN FUTBOL TAKIMI,False,4,0,4,0,0,0,0,0.0,0,0,37
NAZLICAN PARLAK,ÇEKMEKÖY BİLGİDOĞA,ÇEKMEKÖY BİLGİDOĞA,False,4,4,0,0,0,0,0,0.0,0,0,299
SEVAL TEKİN,AMED SPORTİF FAALİYETLER,AMED SPORTİF FAALİYETLER,False,4,0,4,0,0,0,0,0.0,1,0,122
FATMA ŞAHİN,TRABZONSPOR A.Ş.,TRABZONSPOR A.Ş.,False,4,3,1,0,0,0,0,0.0,1,0,292
AYŞENUR ARIK,1207 ANTALYASPOR  KADIN FUTBOL KULÜBÜ,1207 ANTALYASPOR  KADIN FUTBOL KULÜBÜ,False,4,2,2,0,0,0,0,0.0,1,0,193
BLESSING AUGUSTINE NKOR,HAKKARİGÜCÜ SPOR,HAKKARİGÜCÜ SPOR,False,4,1,3,0,0,0,0,0.0,0,0,67
TUĞÇE BAYINDIR,AMED SPORTİF FAALİYETLER,AMED SPORTİF FAALİYETLER,False,4,4,0,0,0,0,0,0.0,0,0,360
MAYARA CRISTINA DA SILVA,ÇEKMEKÖY BİLGİDOĞA,ÇEKMEKÖY BİLGİDOĞA,False,4,0,4,0,0,0,0,0.0,0,0,46
MİNENUR SARIOĞLU,ÇEKMEKÖY BİLGİDOĞA,ÇEKMEKÖY BİLGİDOĞA / ŞİLE BİLGİDOĞA SPORTİF YATIRIM HİZMETLERİ A.Ş,True,4,1,3,0,0,0,0,0.0,0,0,137
ELİF ESRA ŞANLI,FATİH VATAN SPOR,FATİH VATAN SPOR,False,4,4,0,0,0,0,0,0.0,0,1,360
CEMİLE BERİL GÜNAY,ŞİLE BİLGİDOĞA SPORTİF YATIRIM HİZMETLERİ A.Ş,ŞİLE BİLGİDOĞA SPORTİF YATIRIM HİZMETLERİ A.Ş / ÇEKMEKÖY BİLGİDOĞA,True,4,3,1,0,0,0,0,0.0,0,0,290
ECRİN KOYUN,ŞİLE BİLGİDOĞA SPORTİF YATIRIM HİZMETLERİ A.Ş,ŞİLE BİLGİDOĞA SPORTİF YATIRIM HİZMETLERİ A.Ş / ÇEKMEKÖY BİLGİDOĞA,True,4,2,2,0,0,0,0,0.0,0,0,194
ESLEM YÜCE,ÇEKMEKÖY BİLGİDOĞA,ÇEKMEKÖY BİLGİDOĞA,False,3,0,3,0,0,0,0,0.0,0,0,22
GÜLŞAH ALTIN,ÇEKMEKÖY BİLGİDOĞA,ÇEKMEKÖY BİLGİDOĞA,False,3,0,3,0,0,0,0,0.0,0,0,29
HİRANUR SÖNMEZ,ALG SPOR,ALG SPOR / GAZİANTEP ALG SPOR KULÜBÜ,True,3,3,0,0,0,0,0,0.0,0,0,248
EVA VASILIKI VLASSOPOULOS,PROLİFT GİRESUN SANAYİSPOR,PROLİFT GİRESUN SANAYİSPOR,False,3,2,1,0,0,0,0,0.0,0,0,135
EMİNE DEMİR,YÜKSEKOVA SPOR KULÜBÜ,YÜKSEKOVA SPOR KULÜBÜ,False,3,0,3,0,0,0,0,0.0,0,0,23
EBRAR ULUHANLI,ÇEKMEKÖY BİLGİDOĞA,ÇEKMEKÖY BİLGİDOĞA,False,3,3,0,0,0,0,0,0.0,0,0,260
HIVA ETEMADINASAB,ÇEKMEKÖY BİLGİDOĞA,ÇEKMEKÖY BİLGİDOĞA,False,3,2,1,0,0,0,0,0.0,0,0,190
KEZBAN YORĞA,AMED SPORTİF FAALİYETLER,AMED SPORTİF FAALİYETLER,False,3,0,3,0,0,0,0,0.0,0,0,77
AHLAM HATAB,1207 ANTALYASPOR  KADIN FUTBOL KULÜBÜ,1207 ANTALYASPOR  KADIN FUTBOL KULÜBÜ,False,3,3,0,0,0,0,0,0.0,2,0,232
ELİF GÖRMEZ,SERCAN İNŞAAT GAZİANTEP ALG SPOR,SERCAN İNŞAAT GAZİANTEP ALG SPOR,False,3,3,0,0,0,0,0,0.0,0,0,256
SENEM PINAR ÖZER,FATİH VATAN SPOR,FATİH VATAN SPOR,False,3,2,1,0,0,0,0,0.0,0,0,181
TUANA DEMİRBAŞ,ÇEKMEKÖY BİLGİDOĞA,ÇEKMEKÖY BİLGİDOĞA,False,3,2,1,0,0,0,0,0.0,0,0,205
ÖZLEM ALİOSMANOĞLU,1207 ANTALYASPOR  KADIN FUTBOL KULÜBÜ,1207 ANTALYASPOR  KADIN FUTBOL KULÜBÜ,False,3,0,3,0,0,0,0,0.0,0,0,26
EZGİ KILIÇ,1207 ANTALYASPOR  KADIN FUTBOL KULÜBÜ,1207 ANTALYASPOR  KADIN FUTBOL KULÜBÜ,False,3,0,3,0,0,0,0,0.0,0,0,60
ESMA SULTAN ÇELİK,PROLİFT GİRESUN SANAYİSPOR,PROLİFT GİRESUN SANAYİSPOR,False,3,2,1,0,0,0,0,0.0,0,0,193
ASYA BAYRAKTAR,PROLİFT GİRESUN SANAYİSPOR,PROLİFT GİRESUN SANAYİSPOR,False,3,1,2,0,0,0,0,0.0,0,0,108
ZEYNEP IRMAK ÖLMEZER,BEŞİKTAŞ JK KADIN FUTBOL TAKIMI,BEŞİKTAŞ JK KADIN FUTBOL TAKIMI,False,2,0,2,1,1,0,0,0.5,0,0,55
ÇİMEN ERDİN,HAKKARİGÜCÜ SPOR,HAKKARİGÜCÜ SPOR,False,2,0,2,1,0,0,1,0.5,0,0,69
NARİN YAKUT,GALATASARAY GAIN,GALATASARAY GAIN,False,2,1,1,0,0,0,0,0.0,0,0,74
GİZEM YAZICI,ÜNYE KADIN SPOR KULÜBÜ,ÜNYE KADIN SPOR KULÜBÜ,False,2,2,0,0,0,0,0,0.0,0,0,123
ABIGAIL PAOLA CHAVES,FENERBAHÇE ARSAVEV KADIN FUTBOL TAKIMI,FENERBAHÇE ARSAVEV KADIN FUTBOL TAKIMI,False,2,2,0,0,0,0,0,0.0,1,0,180
CEYDA ÖZKAN,ALG SPOR,ALG SPOR / GAZİANTEP ALG SPOR KULÜBÜ,True,2,2,0,0,0,0,0,0.0,0,0,180
IMAN DUMANJIC,PROLİFT GİRESUN SANAYİSPOR,PROLİFT GİRESUN SANAYİSPOR,False,2,1,1,0,0,0,0,0.0,0,0,144
ÖZGE OĞURGÜL,AMED SPORTİF FAALİYETLER,AMED SPORTİF FAALİYETLER,False,2,0,2,0,0,0,0,0.0,0,0,46
DİLARA KOCABAĞ,GAZİANTEP ALG SPOR KULÜBÜ,GAZİANTEP ALG SPOR KULÜBÜ,False,2,2,0,0,0,0,0,0.0,1,0,180
ANDREA GURTNER,TRABZONSPOR A.Ş.,TRABZONSPOR A.Ş.,False,2,1,1,0,0,0,0,0.0,0,0,112
ELİF CEREN MUTLU,BEŞİKTAŞ JK KADIN FUTBOL TAKIMI,BEŞİKTAŞ JK KADIN FUTBOL TAKIMI,False,2,0,2,0,0,0,0,0.0,0,0,67
DIAKIESE KALUZODI ISABELLE,ÇEKMEKÖY BİLGİDOĞA,ÇEKMEKÖY BİLGİDOĞA,False,2,0,2,0,0,0,0,0.0,0,0,31
HİCRAN AKDOĞAN,FATİH VATAN SPOR,FATİH VATAN SPOR,False,2,0,2,0,0,0,0,0.0,0,0,36
IRMAK AKBUDAK,FATİH VATAN SPOR,FATİH VATAN SPOR,False,2,0,2,0,0,0,0,0.0,0,0,3
DİLARA YÜKSEL,FATİH VATAN SPOR,FATİH VATAN SPOR,False,2,0,2,0,0,0,0,0.0,0,0,2
FAUSTINA WORWORNYO AKPO,SERCAN İNŞAAT GAZİANTEP ALG SPOR,SERCAN İNŞAAT GAZİANTEP ALG SPOR,False,2,2,0,0,0,0,0,0.0,0,0,180
ERVA KARAKUŞ,FATİH VATAN SPOR,FATİH VATAN SPOR,False,2,0,2,0,0,0,0,0.0,0,0,16
ALİYE TECER,HAKKARİGÜCÜ SPOR,HAKKARİGÜCÜ SPOR,False,2,1,1,0,0,0,0,0.0,0,0,115
RABİA SOLAK,FATİH VATAN SPOR,FATİH VATAN SPOR,False,2,1,1,0,0,0,0,0.0,0,0,94
ECRİN NAZ ŞENTÜRK,ÇEKMEKÖY BİLGİDOĞA,ÇEKMEKÖY BİLGİDOĞA / ŞİLE BİLGİDOĞA SPORTİF YATIRIM HİZMETLERİ A.Ş,True,2,1,1,0,0,0,0,0.0,0,0,103
GÖZDE UÇAR,PROLİFT GİRESUN SANAYİSPOR,PROLİFT GİRESUN SANAYİSPOR,False,2,0,2,0,0,0,0,0.0,0,0,69
MEVLÜDE MELEK OKUYAN,FENERBAHÇE ARSAVEV KADIN FUTBOL TAKIMI,FENERBAHÇE ARSAVEV KADIN FUTBOL TAKIMI,False,2,0,2,0,0,0,0,0.0,0,0,49
BÜŞRA KENET,BEŞİKTAŞ JK KADIN FUTBOL TAKIMI,BEŞİKTAŞ JK KADIN FUTBOL TAKIMI,False,2,2,0,0,0,0,0,0.0,0,0,180
ECE AYDIN,ŞİLE BİLGİDOĞA SPORTİF YATIRIM HİZMETLERİ A.Ş,ŞİLE BİLGİDOĞA SPORTİF YATIRIM HİZMETLERİ A.Ş,False,2,2,0,0,0,0,0,0.0,0,0,180
DİLARASU PILIÇ,BEŞİKTAŞ JK KADIN FUTBOL TAKIMI,BEŞİKTAŞ JK KADIN FUTBOL TAKIMI,False,1,0,1,1,1,0,0,1.0,0,0,35
SÜMEYRA KIVANÇ,ÇEKMEKÖY BİLGİDOĞA,ÇEKMEKÖY BİLGİDOĞA,False,1,1,0,0,0,0,0,0.0,0,0,90
NİSA DEREN KANDEMİR,ÇEKMEKÖY BİLGİDOĞA,ÇEKMEKÖY BİLGİDOĞA,False,1,0,1,0,0,0,0,0.0,0,0,0
NAZLI PEKER,ÇEKMEKÖY BİLGİDOĞA,ÇEKMEKÖY BİLGİDOĞA,False,1,0,1,0,0,0,0,0.0,0,0,0
MERVE NUR TAŞUCU,ANKARA BÜYÜKŞEHİR BELEDİYESİ FOMGET SPOR KULÜBÜ,ANKARA BÜYÜKŞEHİR BELEDİYESİ FOMGET SPOR KULÜBÜ,False,1,0,1,0,0,0,0,0.0,0,0,7
SÜMEYYE TERTEMİZ,HAKKARİGÜCÜ SPOR,HAKKARİGÜCÜ SPOR,False,1,0,1,0,0,0,0,0.0,0,0,0
CHUENE PRECIOUS MORIFI,ANKARA BÜYÜKŞEHİR BELEDİYESİ FOMGET SPOR KULÜBÜ,ANKARA BÜYÜKŞEHİR BELEDİYESİ FOMGET SPOR KULÜBÜ,False,1,0,1,0,0,0,0,0.0,0,0,20
ZEYNEP ERDOĞAN,FATİH VATAN SPOR,FATİH VATAN SPOR,False,1,1,0,0,0,0,0,0.0,1,0,90
DENİZ AY,FATİH VATAN SPOR,FATİH VATAN SPOR,False,1,0,1,0,0,0,0,0.0,0,0,80
BUSE NUR KARATAŞ,FATİH VATAN SPOR,FATİH VATAN SPOR,False,1,0,1,0,0,0,0,0.0,0,0,44
BEREN LİVA ÇEŞTAN,FATİH VATAN SPOR,FATİH VATAN SPOR,False,1,0,1,0,0,0,0,0.0,0,0,10
ELİFENUR KARABULUT,ÜNYE KADIN SPOR KULÜBÜ,ÜNYE KADIN SPOR KULÜBÜ,False,1,1,0,0,0,0,0,0.0,0,0,90
SOULAIMA JABRANI,YÜKSEKOVA SPOR KULÜBÜ,YÜKSEKOVA SPOR KULÜBÜ,False,1,0,1,0,0,0,0,0.0,0,0,8
SENEM DUMAN,YÜKSEKOVA SPOR KULÜBÜ,YÜKSEKOVA SPOR KULÜBÜ,False,1,0,1,0,0,0,0,0.0,0,0,8
DAMLA GENÇ,FATİH VATAN SPOR,FATİH VATAN SPOR,False,1,0,1,0,0,0,0,0.0,0,0,0
DURU ARSLAN,FATİH VATAN SPOR,FATİH VATAN SPOR,False,1,0,1,0,0,0,0,0.0,0,0,0
NEHİR KAYA,BEŞİKTAŞ JK KADIN FUTBOL TAKIMI,BEŞİKTAŞ JK KADIN FUTBOL TAKIMI,False,1,0,1,0,0,0,0,0.0,0,0,15
HACER ARICI,FATİH VATAN SPOR,FATİH VATAN SPOR,False,1,0,1,0,0,0,0,0.0,0,0,5
NAGİHAN BULUT,ÜNYE KADIN SPOR KULÜBÜ,ÜNYE KADIN SPOR KULÜBÜ,False,1,0,1,0,0,0,0,0.0,0,0,30
BEYZA KAYGUSUZ,BEŞİKTAŞ JK KADIN FUTBOL TAKIMI,BEŞİKTAŞ JK KADIN FUTBOL TAKIMI,False,1,0,1,0,0,0,0,0.0,0,0,17
BÜŞRA BERFİN EREN,1207 ANTALYASPOR  KADIN FUTBOL KULÜBÜ,1207 ANTALYASPOR  KADIN FUTBOL KULÜBÜ,False,1,0,1,0,0,0,0,0.0,0,0,7
HAZAL KÖKSALDI,PROLİFT GİRESUN SANAYİSPOR,PROLİFT GİRESUN SANAYİSPOR,False,1,0,1,0,0,0,0,0.0,0,0,0
İREM PEHLİVAN,ANKARA BÜYÜKŞEHİR BELEDİYESİ FOMGET SPOR KULÜBÜ,ANKARA BÜYÜKŞEHİR BELEDİYESİ FOMGET SPOR KULÜBÜ,False,1,1,0,0,0,0,0,0.0,0,0,90
GAMZE AĞIRMAN,BEŞİKTAŞ JK KADIN FUTBOL TAKIMI,BEŞİKTAŞ JK KADIN FUTBOL TAKIMI,False,1,0,1,0,0,0,0,0.0,0,0,11
ZEYNEP AKDENİZ,FENERBAHÇE ARSAVEV KADIN FUTBOL TAKIMI,FENERBAHÇE ARSAVEV KADIN FUTBOL TAKIMI,False,1,1,0,0,0,0,0,0.0,0,0,90
GÖKCE ALMILA ÖZCAN,ŞİLE BİLGİDOĞA SPORTİF YATIRIM HİZMETLERİ A.Ş,ŞİLE BİLGİDOĞA SPORTİF YATIRIM HİZMETLERİ A.Ş,False,1,0,1,0,0,0,0,0.0,0,0,20
